Area,Total_Wards,higher education in 30 mins,access to library in 30 mins,access to doctor in 30 mins,access to firebrigade in 30 mins,access to entertainment in 30 mins,access to shopping mall in 30 mins
Taplejung,61.0,9.0,9.0,3.0,10.0,15.0,0.0
Phaktanlung Gaunpalika,7.0,0.0,0.0,0.0,0.0,0.0,0.0
Mikwakhola Gaunpalika,5.0,0.0,1.0,0.0,1.0,0.0,0.0
Meringden Gaunpalika,6.0,0.0,1.0,0.0,1.0,3.0,0.0
Maiwakhola Gaunpalika,6.0,2.0,2.0,0.0,0.0,1.0,0.0
Aatharai Tribeni Gaunpalika,5.0,1.0,1.0,1.0,0.0,2.0,0.0
Phungling Municipality,11.0,3.0,2.0,2.0,7.0,6.0,0.0
Pathivara Yangwarak Gaunpalika,6.0,0.0,0.0,0.0,1.0,2.0,0.0
Sirijanga Gaunpalika,8.0,1.0,2.0,0.0,0.0,1.0,0.0
Sankhuwasabha,76.0,20.0,11.0,9.0,5.0,23.0,0.0
Bhotkhola Gaunpalika,5.0,0.0,1.0,0.0,0.0,0.0,0.0
Makalu Gaunpalika,6.0,0.0,0.0,1.0,0.0,1.0,0.0
Silichong Gaunpalika,5.0,0.0,1.0,0.0,0.0,1.0,0.0
Chichila Gaunpalika,5.0,1.0,1.0,0.0,0.0,1.0,0.0
Sabhapokhari Gaunpalika,6.0,4.0,1.0,0.0,0.0,2.0,0.0
Khandabari Municipality,11.0,4.0,2.0,3.0,5.0,7.0,0.0
Panchakhapan Municipality,9.0,2.0,1.0,0.0,0.0,3.0,0.0
Chainapur Municipality,11.0,4.0,2.0,4.0,0.0,2.0,0.0
Madi Municipality,9.0,2.0,2.0,0.0,0.0,3.0,0.0
Solukhumbu,52.0,12.0,6.0,9.0,4.0,8.0,0.0
Khumbu Pasanglhamu Gaunpalika,5.0,2.0,1.0,2.0,1.0,1.0,0.0
Mahakulung Gaunpalika,5.0,1.0,1.0,1.0,0.0,1.0,0.0
Sotang Gaunpalika,5.0,1.0,0.0,1.0,0.0,0.0,0.0
Mapya Dudhkoshi Gaunpalika,7.0,2.0,0.0,1.0,0.0,2.0,0.0
Thulung Dudhkoshi Gaunpalika,9.0,1.0,1.0,1.0,0.0,0.0,0.0
Necha Salyan Gaunpalika,5.0,3.0,0.0,0.0,0.0,1.0,0.0
Solu Dhudhakunda Municipality,11.0,2.0,1.0,2.0,3.0,3.0,0.0
Okhaldhunga,75.0,21.0,8.0,13.0,2.0,20.0,1.0
Chishankhu Gadhi Gaunpalika,8.0,1.0,0.0,0.0,0.0,1.0,0.0
Siddhicharan Municipality,12.0,4.0,1.0,2.0,2.0,1.0,0.0
Molung Gaunpalika,8.0,2.0,1.0,1.0,0.0,2.0,0.0
Khiji Demba Gaunpalika,9.0,2.0,0.0,1.0,0.0,2.0,0.0
Likhu Gaunpalika,9.0,3.0,1.0,2.0,0.0,1.0,1.0
Champadevi Gaunpalika,10.0,4.0,1.0,3.0,0.0,4.0,0.0
Sunkoshi Gaunpalika,10.0,2.0,0.0,0.0,0.0,2.0,0.0
Khotang,79.0,20.0,12.0,11.0,4.0,20.0,1.0
Kepilasgadhi Gaunpalika,7.0,0.0,0.0,0.0,0.0,1.0,0.0
Aiselukharka Gaunpalika,7.0,1.0,2.0,2.0,0.0,3.0,0.0
Rawa Besi Gaunpalika,6.0,1.0,1.0,0.0,0.0,0.0,0.0
Halesi Tuwachung Municipality,11.0,5.0,4.0,1.0,0.0,1.0,0.0
Diktel Rupakot Majhuwagadhi Municipality,15.0,7.0,2.0,5.0,2.0,8.0,1.0
Sakela Gaunpalika,5.0,1.0,0.0,1.0,0.0,1.0,0.0
Diprung Chuichumma Gaunpalika,7.0,1.0,1.0,0.0,0.0,2.0,0.0
Khotehang Gaunpalika,9.0,2.0,1.0,1.0,2.0,3.0,0.0
Jante Dhunga Gaunpalika,6.0,1.0,1.0,1.0,0.0,1.0,0.0
Bhojpur,81.0,14.0,11.0,8.0,9.0,18.0,0.0
Shadananda Municipality,14.0,2.0,0.0,1.0,0.0,2.0,0.0
Salpa Silichho Gaunpalika,6.0,3.0,0.0,1.0,0.0,1.0,0.0
Temkemaiyum Gaunpalika,9.0,1.0,3.0,0.0,0.0,5.0,0.0
Bhojpur Municipality,12.0,4.0,3.0,2.0,5.0,3.0,0.0
Arun Gaunpalika,7.0,3.0,1.0,1.0,0.0,0.0,0.0
Pauwa Dunma Gaunpalika,6.0,0.0,1.0,1.0,0.0,2.0,0.0
Ramprasad Rai Gaunpalika,8.0,1.0,1.0,1.0,0.0,1.0,0.0
Hatuwagadhi Gaunpalika,9.0,0.0,1.0,1.0,4.0,1.0,0.0
Dhankuta,60.0,18.0,11.0,8.0,6.0,30.0,4.0
Mahalaxmi Municipality,9.0,3.0,1.0,0.0,0.0,3.0,0.0
Pakhribas Municipality,10.0,3.0,3.0,2.0,0.0,6.0,0.0
Chhathar Jorpati Gaunpalika,6.0,2.0,2.0,2.0,0.0,2.0,0.0
Dhankuta Municipality,10.0,8.0,3.0,3.0,6.0,7.0,3.0
Shahidbhumi Gaunpalika,7.0,0.0,1.0,0.0,0.0,5.0,1.0
Sangurigadhi Gaunpalika,10.0,0.0,1.0,1.0,0.0,4.0,0.0
Terhathum,43.0,14.0,10.0,10.0,11.0,7.0,0.0
Aatharai Gaunpalika,7.0,2.0,2.0,1.0,2.0,0.0,0.0
Phedap Gaunpalika,5.0,1.0,1.0,1.0,0.0,0.0,0.0
Menchhayayem Gaunpalika,6.0,2.0,2.0,1.0,0.0,0.0,0.0
Myanglung Municipality,10.0,5.0,1.0,4.0,6.0,2.0,0.0
Laligurans Municipality,9.0,3.0,4.0,2.0,3.0,4.0,0.0
Panchthar,60.0,24.0,11.0,5.0,3.0,18.0,2.0
Yangbarak Gaunpalika,6.0,1.0,1.0,0.0,0.0,1.0,0.0
Hilihan Gaunpalika,7.0,1.0,1.0,0.0,0.0,3.0,0.0
Falelung Gaunpalika,8.0,1.0,0.0,0.0,0.0,1.0,0.0
Phidim Municipality,14.0,8.0,3.0,2.0,3.0,6.0,2.0
Falgunanda Gaunpalika,7.0,4.0,4.0,2.0,0.0,2.0,0.0
Kummayak Gaunpalika,5.0,4.0,1.0,1.0,0.0,3.0,0.0
Tumbewa Gaunpalika,5.0,1.0,0.0,0.0,0.0,1.0,0.0
Ilam,81.0,25.0,12.0,15.0,15.0,30.0,2.0
Mai Jogmai Gaunpalika,6.0,1.0,0.0,1.0,0.0,1.0,0.0
Sandakpur Gaunpalika,5.0,1.0,1.0,0.0,0.0,2.0,0.0
Illam Municipality,12.0,5.0,5.0,4.0,5.0,5.0,2.0
Deumai Municipality,9.0,3.0,1.0,1.0,2.0,2.0,0.0
Fakfokathum Gaunpalika,7.0,2.0,1.0,1.0,1.0,2.0,0.0
Mangsebung Gaunpalika,6.0,1.0,0.0,0.0,0.0,2.0,0.0
Chulachuli Gaunpalika,6.0,0.0,1.0,0.0,2.0,3.0,0.0
Mai Municipality,10.0,5.0,2.0,3.0,0.0,3.0,0.0
Suryodaya Municipality,14.0,6.0,1.0,4.0,5.0,7.0,0.0
Jhapa,131.0,73.0,48.0,46.0,43.0,56.0,23.0
Mechinagar Municipality,15.0,9.0,7.0,7.0,7.0,9.0,5.0
Buddhashanti Gaunpalika,7.0,3.0,0.0,2.0,0.0,0.0,3.0
Arjundhara Municipality,11.0,5.0,4.0,4.0,1.0,9.0,2.0
Kankai Municipality,9.0,4.0,4.0,3.0,1.0,6.0,0.0
Shivasatakshi Municipality,11.0,3.0,3.0,1.0,1.0,4.0,0.0
Kamal Gaunpalika,7.0,3.0,1.0,2.0,5.0,4.0,0.0
Damak Municipality,10.0,9.0,8.0,8.0,8.0,5.0,4.0
Gauradaha Municipality,9.0,7.0,6.0,4.0,6.0,0.0,0.0
Gauriganj Gaunpalika,6.0,2.0,1.0,0.0,0.0,1.0,0.0
Jhapa Gaunpalika,7.0,3.0,2.0,0.0,0.0,2.0,0.0
Barhadashi Gaunpalika,7.0,3.0,3.0,1.0,0.0,2.0,2.0
Birtamod Municipality,10.0,8.0,0.0,5.0,7.0,5.0,3.0
Haldibari Gaunpalika,5.0,2.0,2.0,1.0,0.0,3.0,0.0
Bhadrapur Municipality,10.0,9.0,5.0,6.0,6.0,6.0,4.0
Morang,159.0,86.0,52.0,64.0,61.0,76.0,39.0
Miklajung Gaunpalika,9.0,1.0,4.0,1.0,0.0,5.0,2.0
Letang Municipality,9.0,3.0,4.0,5.0,7.0,6.0,2.0
Kerabari Gaunpalika,10.0,5.0,3.0,3.0,1.0,3.0,0.0
Sundarharaicha Municipality,12.0,10.0,5.0,9.0,9.0,8.0,3.0
Belbari Municipality,11.0,6.0,4.0,5.0,5.0,7.0,6.0
Kanepokhari Gaunpalika,7.0,4.0,3.0,2.0,6.0,5.0,0.0
Pathari Shanishchare Municipality,10.0,6.0,3.0,5.0,1.0,5.0,1.0
Urlabari Municipality,9.0,7.0,4.0,5.0,8.0,6.0,3.0
Ratuwamai Municipality,10.0,2.0,1.0,2.0,0.0,2.0,0.0
Sunwarshi Municipality,9.0,2.0,0.0,0.0,0.0,1.0,0.0
Rangeli Municipality,9.0,5.0,0.0,2.0,4.0,2.0,0.0
Gramthan Gaunpalika,7.0,3.0,2.0,4.0,0.0,2.0,2.0
Budhiganga Gaunpalika,7.0,5.0,4.0,5.0,5.0,5.0,2.0
Biratnagar Metropolitian City,19.0,16.0,12.0,13.0,11.0,10.0,14.0
Katahari Gaunpalika,7.0,4.0,3.0,3.0,4.0,4.0,4.0
Dhanapalthan Gaunpalika,7.0,4.0,0.0,0.0,0.0,3.0,0.0
Sunsari,124.0,68.0,36.0,56.0,67.0,58.0,43.0
Dharan Sub-Metropolitian City,20.0,18.0,14.0,15.0,16.0,15.0,16.0
Barahachhetra Municipality,11.0,5.0,1.0,3.0,7.0,6.0,0.0
Koshi Gaunpalika,8.0,1.0,1.0,0.0,5.0,1.0,1.0
Bhokraha Narsingh Gaunpalika,8.0,2.0,0.0,0.0,4.0,1.0,1.0
Ramdhuni Municipality,9.0,5.0,3.0,3.0,0.0,5.0,5.0
Itahari Sub-Metropolitian City,20.0,14.0,6.0,11.0,14.0,12.0,8.0
Duhabi Municipality,12.0,6.0,4.0,8.0,11.0,8.0,3.0
Gadhi Gaunpalika,6.0,4.0,2.0,2.0,2.0,0.0,1.0
Inaruwa Municipality,10.0,6.0,3.0,5.0,7.0,6.0,5.0
Harinagar Gaunpalika,7.0,3.0,0.0,1.0,0.0,1.0,0.0
Dewangunj Gaunpalika,7.0,2.0,1.0,5.0,0.0,1.0,1.0
Udayapur,75.0,19.0,14.0,16.0,18.0,32.0,8.0
Belaka Municipality,9.0,1.0,0.0,2.0,0.0,3.0,0.0
Chaudandigadhi Municipality,10.0,5.0,2.0,2.0,7.0,8.0,1.0
Triyuga Municipality,16.0,6.0,6.0,7.0,8.0,11.0,5.0
Rautamai Gaunpalika,8.0,2.0,1.0,1.0,1.0,2.0,0.0
Limchunbung Gaunpalika,5.0,0.0,0.0,1.0,0.0,0.0,0.0
Tapli Gaunpalika,5.0,1.0,0.0,0.0,0.0,0.0,0.0
Katari Municipality,14.0,3.0,5.0,2.0,2.0,5.0,2.0
Saptari,164.0,77.0,27.0,49.0,57.0,53.0,14.0
Saptakoshi Municipality,11.0,5.0,1.0,4.0,1.0,8.0,0.0
Kanchanrup Municipality,12.0,7.0,3.0,7.0,12.0,7.0,0.0
Agnisair Krishna Sabaran Gaunpalika,6.0,3.0,0.0,2.0,1.0,3.0,0.0
Rupani Gaunpalika,6.0,2.0,1.0,1.0,1.0,3.0,1.0
Shambhunath Municipality,12.0,4.0,3.0,3.0,8.0,3.0,1.0
Khadak Municipality,11.0,4.0,1.0,4.0,1.0,1.0,0.0
Surunga Municipality,11.0,4.0,0.0,4.0,1.0,3.0,0.0
Balan-Bihul Gaunpalika,6.0,2.0,1.0,0.0,0.0,0.0,0.0
Bode Barsain Municipality,10.0,6.0,2.0,1.0,0.0,2.0,0.0
Dakneshwori Municipality,10.0,3.0,1.0,2.0,2.0,3.0,0.0
Rajgadh Gaunpalika,6.0,2.0,0.0,0.0,0.0,0.0,0.0
Bishnupur Gaunpalika,7.0,2.0,1.0,1.0,1.0,2.0,1.0
Rajbiraj Municipality,16.0,12.0,5.0,12.0,12.0,10.0,10.0
Mahadewa Gaunpalika,6.0,4.0,0.0,0.0,0.0,0.0,0.0
Tirahut Gaunpalika,5.0,2.0,1.0,1.0,2.0,2.0,0.0
Hanumannagar Kankalini Municipality,14.0,9.0,4.0,6.0,10.0,3.0,0.0
Tilathi Koiladi Gaunpalika,8.0,5.0,2.0,0.0,4.0,2.0,1.0
Siraha,164.0,77.0,31.0,69.0,67.0,53.0,19.0
Lahan Municipality,24.0,10.0,7.0,11.0,17.0,8.0,10.0
Dhangadhimai Municipality,14.0,5.0,3.0,7.0,2.0,4.0,1.0
Golbazar Municipality,13.0,6.0,4.0,5.0,9.0,7.0,2.0
Mirchaiya Municipality,12.0,7.0,4.0,7.0,10.0,3.0,4.0
Karjanha Municipality,11.0,5.0,1.0,6.0,1.0,5.0,0.0
Kalyanpur Municipality,12.0,1.0,0.0,2.0,3.0,4.0,0.0
Naraha Gaunpalika,5.0,3.0,2.0,4.0,1.0,2.0,0.0
Bishnupur Gaunpalika,5.0,0.0,0.0,1.0,1.0,2.0,0.0
Arnama Gaunpalika,5.0,0.0,0.0,2.0,1.0,1.0,0.0
Sukhipur Municipality,10.0,8.0,4.0,3.0,2.0,2.0,0.0
Laxmipur Patari Gaunpalika,6.0,2.0,0.0,0.0,1.0,0.0,0.0
Sakhuwa Nankarkatti Gaunpalika,5.0,3.0,0.0,0.0,0.0,2.0,0.0
Bhagawanpur Gaunpalika,5.0,2.0,0.0,4.0,0.0,0.0,0.0
Nawarajpur Gaunpalika,5.0,4.0,0.0,1.0,0.0,0.0,0.0
Bariyarpatti Gaunpalika,5.0,5.0,0.0,0.0,0.0,0.0,0.0
Aurahi Gaunpalika,5.0,5.0,0.0,4.0,1.0,0.0,0.0
Dhanusa,169.0,85.0,37.0,64.0,72.0,61.0,25.0
Ganeshman Charnath Municipality,11.0,6.0,2.0,1.0,7.0,5.0,1.0
Dhanushadham Municipality,9.0,5.0,2.0,6.0,6.0,5.0,1.0
Mithila Municipality,11.0,7.0,2.0,3.0,3.0,7.0,0.0
Bateshwor Gaunpalika,5.0,3.0,1.0,1.0,3.0,1.0,0.0
Chhireshwornath Municipality,10.0,6.0,0.0,6.0,9.0,4.0,5.0
Laxminiya Gaunpalika,7.0,6.0,2.0,5.0,3.0,3.0,2.0
Mithila Bihari Municipality,10.0,3.0,0.0,2.0,3.0,6.0,0.0
Hansapur Municipality,9.0,4.0,1.0,2.0,1.0,1.0,0.0
Sabaila Municipality,13.0,6.0,5.0,5.0,10.0,4.0,0.0
Shahidnagar Municipality,9.0,5.0,3.0,3.0,1.0,1.0,0.0
Kamala Municipality,9.0,2.0,2.0,0.0,1.0,2.0,0.0
Janak Nandini Gaunpalika,6.0,2.0,1.0,1.0,0.0,1.0,0.0
Bideha Municipality,9.0,5.0,1.0,3.0,0.0,1.0,0.0
Aurahi Gaunpalika,6.0,2.0,1.0,2.0,0.0,0.0,0.0
Janakpurdham Sub-Metropolitian City,25.0,17.0,12.0,18.0,20.0,15.0,16.0
Dhanauji Gaunpalika,5.0,2.0,1.0,2.0,3.0,3.0,0.0
Nagarain Municipality,9.0,1.0,0.0,4.0,2.0,0.0,0.0
Mahottari,138.0,67.0,25.0,55.0,54.0,41.0,9.0
Bardibas Municipality,14.0,7.0,3.0,6.0,6.0,5.0,1.0
Gaushala Municipality,12.0,3.0,0.0,5.0,9.0,3.0,3.0
Sonama Gaunpalika,8.0,2.0,0.0,3.0,0.0,1.0,1.0
Aurahi Municipality,9.0,3.0,0.0,2.0,2.0,1.0,0.0
Bhangaha Municipality,9.0,1.0,1.0,1.0,0.0,2.0,0.0
Loharpatti Municipality,9.0,5.0,1.0,5.0,2.0,2.0,1.0
Balawa Municipality,11.0,7.0,2.0,3.0,0.0,3.0,0.0
Ram Gopalpur Municipality,9.0,7.0,0.0,7.0,8.0,4.0,0.0
Samsi Gaunpalika,7.0,3.0,1.0,4.0,4.0,1.0,0.0
Manara Shisawa Municipality,10.0,4.0,0.0,1.0,0.0,1.0,0.0
Ekadara Gaunpalika,6.0,3.0,3.0,3.0,4.0,1.0,0.0
Mahottari Gaunpalika,6.0,2.0,2.0,1.0,3.0,4.0,0.0
Pipara Gaunpalika,7.0,6.0,4.0,4.0,2.0,3.0,2.0
Matihani Municipality,9.0,5.0,2.0,2.0,3.0,3.0,0.0
Sarlahi,200.0,92.0,43.0,72.0,46.0,56.0,35.0
Lalbandi Municipality,17.0,12.0,7.0,8.0,2.0,8.0,7.0
Hariwan Municipality,11.0,5.0,4.0,6.0,7.0,7.0,6.0
Bagmati Municipality,12.0,6.0,2.0,3.0,0.0,8.0,0.0
Barahathawa Municipality,18.0,12.0,5.0,8.0,2.0,3.0,7.0
Haripur Municipality,9.0,7.0,1.0,4.0,1.0,6.0,0.0
Ishworpur Municipality,15.0,9.0,7.0,7.0,3.0,5.0,3.0
Haripurwa Municipality,9.0,2.0,3.0,2.0,1.0,0.0,0.0
Parsa Gaunpalika,6.0,3.0,0.0,0.0,1.0,1.0,0.0
Brahmapuri Gaunpalika,7.0,2.0,2.0,2.0,4.0,1.0,1.0
Chandranagar Gaunpalika,7.0,1.0,1.0,1.0,0.0,2.0,0.0
Kabilashi Municipality,10.0,5.0,1.0,3.0,3.0,1.0,1.0
Chakraghatta Gaunpalika,9.0,2.0,1.0,0.0,2.0,0.0,1.0
Basbariya Gaunpalika,6.0,2.0,0.0,1.0,0.0,0.0,0.0
Dhanakaul Gaunpalika,7.0,3.0,2.0,2.0,2.0,2.0,0.0
Ramnagar Gaunpalika,7.0,3.0,1.0,1.0,0.0,0.0,0.0
Balara Municipality,11.0,4.0,1.0,5.0,1.0,0.0,0.0
Godaita Municipality,12.0,1.0,1.0,6.0,2.0,2.0,0.0
Bishnu Gaunpalika,8.0,1.0,0.0,0.0,1.0,1.0,0.0
Kaudena Gaunpalika,7.0,3.0,0.0,4.0,3.0,3.0,1.0
Rautahat,157.0,88.0,25.0,62.0,38.0,30.0,9.0
Chandrapur Municipality,10.0,7.0,4.0,5.0,6.0,7.0,2.0
Gujara Municipality,9.0,5.0,1.0,4.0,0.0,5.0,0.0
Phatuwa Bijayapur Municipality,11.0,2.0,1.0,4.0,0.0,2.0,1.0
Katahariya Municipality,9.0,4.0,1.0,3.0,1.0,1.0,1.0
Brindaban Municipality,9.0,7.0,2.0,0.0,1.0,3.0,0.0
Gadhimai Municipality,9.0,7.0,1.0,2.0,1.0,0.0,0.0
Madhav Narayan Municipality,9.0,2.0,1.0,3.0,0.0,1.0,0.0
Garuda Municipality,9.0,8.0,1.0,6.0,4.0,2.0,1.0
Dewahi Gonahi Municipality,9.0,6.0,2.0,3.0,1.0,0.0,0.0
Maulapur Municipality,9.0,3.0,3.0,5.0,2.0,3.0,0.0
Boudhimai Municipality,9.0,2.0,0.0,1.0,1.0,1.0,0.0
Paroha Municipality,9.0,6.0,0.0,5.0,0.0,0.0,0.0
Rajpur Municipality,9.0,5.0,0.0,5.0,2.0,0.0,0.0
Yamunamai Gaunpalika,5.0,2.0,0.0,2.0,2.0,0.0,0.0
Durga Bhagawati Gaunpalika,5.0,2.0,1.0,2.0,1.0,0.0,0.0
Rajdevi Municipality,9.0,5.0,1.0,1.0,6.0,0.0,0.0
Gaur Municipality,9.0,9.0,6.0,8.0,9.0,5.0,3.0
Bara,167.0,89.0,41.0,60.0,98.0,63.0,28.0
Nijagadh Municipality,13.0,12.0,5.0,6.0,7.0,11.0,1.0
Kolhabi Municipality,11.0,5.0,2.0,2.0,5.0,6.0,2.0
Jitpur Simara Sub-Metropolitian City,24.0,12.0,7.0,8.0,12.0,13.0,6.0
Parawanipur Gaunpalika,5.0,4.0,3.0,2.0,4.0,5.0,2.0
Prasauni Gaunpalika,7.0,5.0,2.0,2.0,3.0,3.0,0.0
Bishrampur Gaunpalika,5.0,2.0,2.0,2.0,5.0,1.0,1.0
Pheta Gaunpalika,7.0,1.0,0.0,0.0,2.0,2.0,0.0
Kalaiya Sub-Metropolitian City,27.0,19.0,12.0,14.0,21.0,9.0,14.0
Karaiyamai Gaunpalika,8.0,5.0,0.0,0.0,2.0,1.0,0.0
Baragadhi Gaunpalika,6.0,1.0,0.0,2.0,4.0,1.0,0.0
Aadarsha Kotwal Gaunpalika,8.0,2.0,0.0,0.0,2.0,2.0,0.0
Simroungadh Municipality,11.0,3.0,3.0,9.0,9.0,4.0,0.0
Pacharauta Municipality,9.0,3.0,0.0,0.0,1.0,1.0,0.0
Mahagadhimai Municipality,11.0,8.0,3.0,5.0,8.0,2.0,1.0
Devtal Gaunpalika,7.0,3.0,0.0,2.0,7.0,0.0,0.0
Parsa,112.0,55.0,28.0,46.0,42.0,41.0,29.0
Thori Gaunpalika,5.0,1.0,2.0,1.0,0.0,3.0,1.0
Jirabhawani Gaunpalika,5.0,3.0,1.0,0.0,0.0,0.0,0.0
Jagarnathpur Gaunpalika,6.0,3.0,0.0,1.0,1.0,2.0,0.0
Paterwa Sugauli Gaunpalika,5.0,1.0,0.0,0.0,1.0,3.0,0.0
Sakhuwa Prasauni Gaunpalika,6.0,3.0,0.0,3.0,2.0,2.0,0.0
Parsagadhi Municipality,9.0,7.0,3.0,4.0,1.0,3.0,1.0
Birgunj Metropolitian City,32.0,23.0,13.0,21.0,22.0,20.0,22.0
Bahudarmai Municipality,9.0,2.0,0.0,2.0,0.0,1.0,1.0
Pokhariya Municipality,10.0,5.0,6.0,5.0,9.0,4.0,1.0
Kalikamai Gaunpalika,5.0,3.0,2.0,3.0,4.0,2.0,1.0
Dhobini Gaunpalika,5.0,1.0,1.0,2.0,1.0,1.0,0.0
Chhipaharmai Gaunpalika,5.0,1.0,0.0,2.0,0.0,0.0,2.0
Pakaha Mainpur Gaunpalika,5.0,2.0,0.0,1.0,1.0,0.0,0.0
Dolakha,74.0,25.0,5.0,17.0,6.0,27.0,0.0
Gaurishankar Gaunpalika,9.0,0.0,1.0,1.0,0.0,1.0,0.0
Bigu Gaunpalika,8.0,2.0,1.0,1.0,0.0,2.0,0.0
Kalinchowk Gaunpalika,9.0,4.0,1.0,2.0,1.0,3.0,0.0
Baiteshwor Gaunpalika,8.0,5.0,1.0,3.0,1.0,4.0,0.0
Jiri Municipality,9.0,3.0,0.0,2.0,2.0,4.0,0.0
Tamakoshi Gaunpalika,7.0,4.0,0.0,1.0,0.0,5.0,0.0
Melung Gaunpalika,7.0,2.0,0.0,1.0,0.0,0.0,0.0
Shailung Gaunpalika,8.0,1.0,0.0,2.0,0.0,2.0,0.0
Sindhupalchok,103.0,28.0,14.0,12.0,5.0,28.0,2.0
Bhotekoshi Gaunpalika,5.0,2.0,1.0,0.0,0.0,0.0,0.0
Jugal Gaunpalika,7.0,0.0,1.0,0.0,0.0,0.0,0.0
Panchpokhari Thangpal Gaunpalika,8.0,2.0,1.0,2.0,0.0,3.0,0.0
Helambu Gaunpalika,7.0,1.0,0.0,0.0,0.0,2.0,0.0
Melanchi Municipality,13.0,2.0,0.0,0.0,0.0,1.0,0.0
Indrawoti Gaunpalika,12.0,6.0,2.0,2.0,0.0,6.0,1.0
Choutara Sangachowkgadhi Municipality,14.0,6.0,3.0,3.0,4.0,5.0,0.0
Balephi Gaunpalika,8.0,1.0,1.0,3.0,1.0,3.0,0.0
Bahrabise Municipality,9.0,2.0,0.0,1.0,0.0,2.0,0.0
Tripurasundari Gaunpalika,6.0,2.0,2.0,0.0,0.0,2.0,1.0
Lisankhu Pakhar Gaunpalika,7.0,2.0,0.0,0.0,0.0,2.0,0.0
Rasuwa,27.0,5.0,3.0,4.0,0.0,2.0,0.0
Gosaikunda Gaunpalika,6.0,1.0,1.0,2.0,0.0,0.0,0.0
Aamachhodingmo Gaunpalika,5.0,0.0,0.0,0.0,0.0,0.0,0.0
Uttargaya Gaunpalika,5.0,2.0,0.0,0.0,0.0,1.0,0.0
Kalika Gaunpalika,5.0,1.0,2.0,1.0,0.0,0.0,0.0
Dhading,104.0,43.0,25.0,29.0,12.0,38.0,5.0
Rubi Valley Gaunpalika,6.0,1.0,1.0,0.0,0.0,1.0,0.0
Khaniyabas Gaunpalika,5.0,1.0,1.0,3.0,0.0,2.0,0.0
Ganga Jamuna Gaunpalika,7.0,1.0,3.0,2.0,0.0,3.0,0.0
Tripurasundari Gaunpalika,7.0,5.0,3.0,3.0,0.0,4.0,0.0
Netrawati Dabjong Gaunpalika,5.0,1.0,0.0,1.0,1.0,1.0,0.0
Nilkhantha Municipality,14.0,7.0,4.0,3.0,5.0,7.0,4.0
Jwalamukhi Gaunpalika,7.0,2.0,0.0,0.0,0.0,3.0,0.0
Siddhalek Gaunpalika,7.0,3.0,2.0,1.0,0.0,2.0,0.0
Benighat Rorang Gaunpalika,10.0,2.0,1.0,2.0,0.0,5.0,0.0
Gajuri Gaunpalika,8.0,3.0,1.0,3.0,0.0,0.0,0.0
Galchhi Gaunpalika,8.0,4.0,1.0,4.0,0.0,0.0,0.0
Thakre Gaunpalika,11.0,6.0,4.0,5.0,1.0,5.0,1.0
Nuwakot,88.0,36.0,11.0,18.0,13.0,27.0,4.0
Dupcheshwor Gaunpalika,7.0,3.0,0.0,0.0,0.0,2.0,0.0
Tadi Gaunpalika,6.0,2.0,1.0,2.0,0.0,3.0,0.0
Suryagadhi Gaunpalika,5.0,2.0,0.0,0.0,0.0,0.0,0.0
Bidur Municipality,13.0,7.0,3.0,6.0,6.0,9.0,4.0
Kispang Gaunpalika,5.0,2.0,0.0,0.0,0.0,2.0,0.0
Myagang Gaunpalika,6.0,3.0,1.0,1.0,0.0,4.0,0.0
Tarakeshwor Gaunpalika,6.0,2.0,1.0,1.0,0.0,1.0,0.0
Belkotgadhi Municipality,13.0,5.0,1.0,1.0,3.0,1.0,0.0
Likhu Gaunpalika,6.0,2.0,1.0,2.0,0.0,1.0,0.0
Panchakanya Gaunpalika,5.0,2.0,0.0,0.0,1.0,0.0,0.0
Shivapuri Gaunpalika,8.0,2.0,2.0,3.0,1.0,1.0,0.0
Kathmandu,138.0,115.0,71.0,110.0,70.0,112.0,70.0
Shankharapur Municipality,9.0,3.0,4.0,3.0,0.0,1.0,0.0
Kageshwori Manahara Municipality,9.0,7.0,4.0,5.0,3.0,7.0,1.0
Gokarneshwor Municipality,9.0,7.0,3.0,6.0,5.0,6.0,5.0
Budhanilkhantha Municipality,13.0,13.0,7.0,12.0,8.0,13.0,4.0
Tokha Municipality,11.0,10.0,6.0,10.0,8.0,11.0,7.0
Tarakeshwor Municipality,11.0,11.0,1.0,9.0,4.0,9.0,4.0
Nagarjun Municipality,10.0,6.0,2.0,6.0,2.0,6.0,4.0
Kathmandu Metropolitian City,32.0,31.0,21.0,32.0,26.0,31.0,31.0
Kirtipur Municipality,10.0,10.0,8.0,10.0,1.0,8.0,7.0
Chandragiri Municipality,15.0,10.0,9.0,11.0,9.0,13.0,7.0
Bhaktapur,38.0,31.0,21.0,29.0,26.0,27.0,19.0
Changunarayan Municipality,9.0,6.0,2.0,4.0,5.0,4.0,0.0
Bhaktapur Municipality,10.0,10.0,9.0,8.0,10.0,9.0,9.0
Madhyapur Thimi Municipality,9.0,8.0,7.0,9.0,6.0,8.0,5.0
Lalitpur,71.0,45.0,27.0,44.0,31.0,39.0,22.0
Mahalaxmi Municipality,10.0,7.0,2.0,8.0,5.0,3.0,3.0
Lalitpur Metropolitian City,29.0,24.0,17.0,26.0,24.0,24.0,17.0
Godawari Municipality,14.0,10.0,5.0,8.0,2.0,9.0,0.0
Konjyosom Gaunpalika,5.0,1.0,0.0,1.0,0.0,2.0,0.0
Mahankal Gaunpalika,6.0,2.0,3.0,1.0,0.0,1.0,2.0
Kavrepalanchok,135.0,61.0,24.0,37.0,25.0,51.0,11.0
Chauri Deurali Gaunpalika,9.0,3.0,2.0,4.0,0.0,3.0,0.0
Bhumlu Gaunpalika,10.0,3.0,0.0,2.0,0.0,2.0,0.0
Mandan Deupur Municipality,12.0,5.0,3.0,1.0,0.0,4.0,0.0
Banepa Municipality,14.0,11.0,3.0,7.0,5.0,5.0,7.0
Dhulikhel Municipality,12.0,9.0,4.0,7.0,10.0,12.0,3.0
Panchkhal Municipality,13.0,6.0,1.0,3.0,6.0,4.0,0.0
Temal Gaunpalika,9.0,3.0,2.0,0.0,0.0,3.0,0.0
Namobuddha Municipality,11.0,5.0,0.0,2.0,4.0,4.0,0.0
Panauti Municipality,12.0,9.0,6.0,6.0,0.0,9.0,1.0
Bethanchowk Gaunpalika,6.0,1.0,1.0,2.0,0.0,1.0,0.0
Roshi Gaunpalika,12.0,4.0,2.0,2.0,0.0,4.0,0.0
Mahabharat Gaunpalika,8.0,1.0,0.0,0.0,0.0,0.0,0.0
Ramechhap,64.0,20.0,17.0,10.0,2.0,19.0,0.0
Umakunda Gaunpalika,7.0,1.0,1.0,1.0,0.0,1.0,0.0
Gokulganga Gaunpalika,6.0,3.0,3.0,1.0,0.0,4.0,0.0
Likhu Tamakoshi Gaunpalika,7.0,1.0,1.0,1.0,0.0,2.0,0.0
Ramechhap Municipality,9.0,4.0,3.0,1.0,0.0,2.0,0.0
Manthali  Municipality,14.0,5.0,5.0,2.0,2.0,2.0,0.0
Khandadevi Gaunpalika,9.0,3.0,2.0,2.0,0.0,3.0,0.0
Doramba Gaunpalika,7.0,1.0,0.0,1.0,0.0,3.0,0.0
Sindhuli,79.0,32.0,11.0,18.0,8.0,21.0,2.0
Dudhouli Municipality,14.0,10.0,3.0,6.0,4.0,3.0,0.0
Phikkal Gaunpalika,6.0,2.0,0.0,0.0,0.0,4.0,0.0
Tinpatan Gaunpalika,11.0,7.0,3.0,3.0,0.0,3.0,0.0
Golanjor Gaunpalika,7.0,0.0,0.0,0.0,0.0,3.0,0.0
Kamalamai Municipality,14.0,8.0,4.0,4.0,4.0,4.0,2.0
Sunkoshi Gaunpalika,7.0,1.0,1.0,3.0,0.0,0.0,0.0
Ghyanglekha Gaunpalika,5.0,0.0,0.0,0.0,0.0,1.0,0.0
Marin Gaunpalika,7.0,2.0,0.0,1.0,0.0,1.0,0.0
Makwanpur,102.0,30.0,22.0,18.0,14.0,47.0,9.0
Indrasarowar Gaunpalika,5.0,0.0,0.0,0.0,0.0,2.0,0.0
Thaha Municipality,12.0,4.0,5.0,3.0,2.0,6.0,2.0
Kailash Gaunpalika,10.0,1.0,1.0,0.0,0.0,2.0,0.0
Raksirang Gaunpalika,9.0,0.0,0.0,2.0,0.0,2.0,0.0
Manahari Gaunpalika,9.0,1.0,0.0,1.0,0.0,7.0,0.0
Hetauda Sub-Metropolitian City,19.0,14.0,7.0,4.0,11.0,14.0,6.0
Bhimphedi Gaunpalika,9.0,0.0,2.0,2.0,0.0,1.0,0.0
Makawanpurgadhi Gaunpalika,8.0,4.0,4.0,4.0,1.0,4.0,1.0
Bakaiya Gaunpalika,12.0,2.0,1.0,1.0,0.0,5.0,0.0
Chitawan,98.0,64.0,35.0,47.0,43.0,67.0,32.0
Rapti Municipality,13.0,8.0,3.0,7.0,4.0,8.0,1.0
Kalika Municipality,11.0,6.0,2.0,6.0,5.0,8.0,2.0
Ichchha Kamana Gaunpalika,7.0,0.0,0.0,0.0,0.0,2.0,0.0
Bharatpur Metropolitian City,29.0,26.0,11.0,16.0,11.0,21.0,9.0
Ratnanagar Municipality,16.0,14.0,12.0,9.0,7.0,14.0,11.0
Khairahani Municipality,13.0,8.0,3.0,6.0,12.0,10.0,8.0
Gorkha,94.0,29.0,9.0,12.0,3.0,31.0,4.0
Chumanubri Gaunpalika,7.0,0.0,0.0,0.0,0.0,2.0,0.0
Ajirkot Gaunpalika,5.0,2.0,0.0,2.0,0.0,4.0,0.0
Barpak Sulikot Gaunpalika,8.0,1.0,3.0,0.0,0.0,2.0,1.0
Dharche Gaunpalika,7.0,1.0,0.0,0.0,0.0,1.0,2.0
Aarughat Gaunpalika,10.0,1.0,1.0,1.0,0.0,3.0,0.0
Bhimsenthapa Gaunpalika,8.0,5.0,0.0,1.0,0.0,4.0,0.0
Siranchowk Gaunpalika,8.0,1.0,1.0,1.0,0.0,3.0,0.0
Palungtar Municipality,10.0,6.0,2.0,2.0,0.0,2.0,0.0
Gorkha Municipality,14.0,7.0,1.0,4.0,3.0,6.0,1.0
Shahid Lakhan Gaunpalika,9.0,2.0,0.0,0.0,0.0,3.0,0.0
Manang,28.0,1.0,5.0,0.0,1.0,12.0,1.0
Narpa Bhumi Gaunpalika,5.0,0.0,0.0,0.0,0.0,3.0,0.0
Manang Ngisyang Gaunpalika,9.0,0.0,3.0,0.0,1.0,6.0,1.0
Chame Gaunpalika,5.0,0.0,2.0,0.0,0.0,3.0,0.0
Mustang,25.0,5.0,7.0,8.0,1.0,10.0,2.0
Lo Ghekar Damodarkunda Gaunpalika,5.0,0.0,1.0,1.0,0.0,2.0,0.0
Gharpajhong Gaunpalika,5.0,3.0,2.0,3.0,0.0,4.0,1.0
Varagung Muktichhetra Gaunpalika,5.0,0.0,0.0,0.0,0.0,2.0,0.0
Lomanthang Gaunpalika,5.0,0.0,3.0,1.0,0.0,1.0,0.0
Myagdi,45.0,8.0,8.0,5.0,5.0,10.0,3.0
Annapurna Gaunpalika,8.0,2.0,0.0,1.0,1.0,2.0,0.0
Raghuganga Gaunpalika,8.0,0.0,1.0,0.0,0.0,2.0,0.0
Dhawalagiri Gaunpalika,7.0,0.0,0.0,1.0,0.0,1.0,0.0
Malika Gaunpalika,7.0,0.0,0.0,0.0,0.0,0.0,0.0
Mangala Gaunpalika,5.0,1.0,1.0,1.0,0.0,2.0,0.0
Kaski,72.0,38.0,21.0,29.0,14.0,42.0,16.0
Madi Gaunpalika,12.0,3.0,2.0,1.0,0.0,7.0,1.0
Machhapuchchhre Gaunpalika,9.0,4.0,2.0,3.0,1.0,4.0,0.0
Annapurna Gaunpalika,11.0,2.0,0.0,0.0,0.0,3.0,1.0
Pokhara Metropolitian City,33.0,27.0,15.0,21.0,13.0,24.0,13.0
Lamjung,75.0,24.0,18.0,14.0,6.0,34.0,4.0
Dordi Gaunpalika,9.0,2.0,3.0,0.0,0.0,5.0,0.0
Marshyangdi Gaunpalika,9.0,1.0,0.0,0.0,0.0,1.0,0.0
Kwhola Sothar Gaunpalika,9.0,1.0,1.0,0.0,0.0,7.0,0.0
Madhya Nepal Municipality,10.0,4.0,3.0,3.0,0.0,6.0,0.0
Bensishahar Municipality,11.0,5.0,6.0,5.0,6.0,4.0,4.0
Sundarbazar Municipality,11.0,7.0,3.0,5.0,0.0,5.0,0.0
Rainas Municipality,10.0,4.0,2.0,1.0,0.0,5.0,0.0
Tanahu,85.0,40.0,21.0,26.0,15.0,30.0,8.0
Bhanu Municipality,13.0,8.0,4.0,3.0,0.0,5.0,1.0
Byas Municipality,14.0,9.0,7.0,7.0,9.0,8.0,5.0
Myagde Gaunpalika,7.0,3.0,1.0,1.0,1.0,1.0,0.0
Shuklagandaki Municipality,12.0,8.0,4.0,7.0,0.0,5.0,0.0
Bhimad Municipality,9.0,4.0,0.0,2.0,0.0,3.0,0.0
Ghiring Gaunpalika,5.0,1.0,0.0,1.0,0.0,0.0,0.0
Rhishing Gaunpalika,8.0,3.0,1.0,2.0,2.0,3.0,1.0
Devghat Gaunpalika,5.0,1.0,2.0,0.0,1.0,0.0,0.0
Bandipur Gaunpalika,6.0,1.0,0.0,2.0,1.0,3.0,0.0
Nawalparasi (Bardaghat Susta East),92.0,55.0,27.0,38.0,22.0,50.0,6.0
Gaidakot Municipality,18.0,15.0,7.0,11.0,5.0,14.0,2.0
Bulingtar Gaunpalika,6.0,1.0,0.0,1.0,0.0,0.0,0.0
Baudikali Gaunpalika,6.0,1.0,1.0,1.0,0.0,0.0,0.0
Hupsekot Gaunpalika,6.0,1.0,1.0,2.0,0.0,4.0,1.0
Devchuli Municipality,17.0,12.0,7.0,9.0,2.0,13.0,1.0
Kawasoti Municipality,17.0,13.0,6.0,9.0,15.0,8.0,2.0
Madhya Bindu Municipality,15.0,8.0,5.0,4.0,0.0,7.0,0.0
Syangja,97.0,32.0,12.0,16.0,10.0,37.0,3.0
Putalibazar Municipality,14.0,3.0,3.0,3.0,5.0,4.0,2.0
Phedikhola Gaunpalika,5.0,3.0,1.0,0.0,0.0,4.0,0.0
Aandhikhola Gaunpalika,6.0,2.0,0.0,2.0,0.0,2.0,0.0
Arjun Choupari Gaunpalika,6.0,2.0,2.0,0.0,0.0,1.0,0.0
Bhirkot Municipality,9.0,3.0,0.0,1.0,0.0,4.0,0.0
Biruwa Gaunpalika,8.0,1.0,0.0,0.0,0.0,3.0,0.0
Harinas Gaunpalika,7.0,0.0,0.0,0.0,0.0,2.0,0.0
Chapakot Municipality,10.0,3.0,1.0,2.0,0.0,3.0,0.0
Walling Municipality,14.0,9.0,3.0,5.0,5.0,7.0,1.0
Galyang Municipality,11.0,2.0,1.0,2.0,0.0,2.0,0.0
Parbat,61.0,36.0,11.0,15.0,7.0,19.0,6.0
Modi Gaunpalika,8.0,6.0,3.0,2.0,0.0,3.0,0.0
Jaljala Gaunpalika,9.0,3.0,0.0,1.0,1.0,3.0,1.0
Kushma Municipality,14.0,10.0,4.0,5.0,6.0,6.0,4.0
Phalebas Municipality,11.0,5.0,2.0,4.0,0.0,3.0,1.0
Mahashila Gaunpalika,6.0,3.0,0.0,1.0,0.0,2.0,0.0
Bihadi Gaunpalika,6.0,3.0,2.0,0.0,0.0,1.0,0.0
Baglung,85.0,25.0,14.0,13.0,5.0,20.0,5.0
Baglung Municipality,14.0,10.0,6.0,5.0,5.0,10.0,4.0
Kathekhola Gaunpalika,8.0,4.0,3.0,0.0,0.0,2.0,0.0
Tarakhola Gaunpalika,5.0,1.0,0.0,1.0,0.0,0.0,1.0
Tamankhola Gaunpalika,6.0,0.0,0.0,0.0,0.0,3.0,0.0
Dhorpatan Municipality,9.0,2.0,1.0,3.0,0.0,1.0,0.0
Nisikhola Gaunpalika,7.0,1.0,0.0,0.0,0.0,1.0,0.0
Badigad Gaunpalika,10.0,0.0,0.0,0.0,0.0,0.0,0.0
Galkot Municipality,11.0,3.0,1.0,3.0,0.0,1.0,0.0
Bareng Gaunpalika,5.0,1.0,1.0,0.0,0.0,0.0,0.0
Rukum (East),31.0,5.0,7.0,7.0,1.0,4.0,1.0
Putha Uttanganga Gaunpalika,14.0,2.0,2.0,3.0,0.0,0.0,0.0
Sisne Gaunpalika,8.0,3.0,4.0,3.0,1.0,3.0,1.0
Rolpa,72.0,14.0,7.0,7.0,2.0,7.0,0.0
Sunchhahari Gaunpalika,7.0,1.0,0.0,0.0,0.0,0.0,0.0
Thawang Gaunpalika,5.0,2.0,1.0,0.0,0.0,1.0,0.0
Pariwartan Gaunpalika,6.0,0.0,0.0,0.0,0.0,1.0,0.0
Gangadev Gaunpalika,7.0,1.0,0.0,0.0,0.0,0.0,0.0
Madi Gaunpalika,6.0,1.0,0.0,1.0,0.0,0.0,0.0
Tribeni Gaunpalika,7.0,2.0,1.0,2.0,0.0,0.0,0.0
Rolpa Municipality,10.0,3.0,2.0,2.0,2.0,2.0,0.0
Runtigadhi Gaunpalika,9.0,1.0,1.0,0.0,0.0,1.0,0.0
Sunil Smriti Gaunpalika,8.0,2.0,2.0,2.0,0.0,1.0,0.0
Pyuthan,64.0,11.0,9.0,5.0,8.0,15.0,0.0
Gaumukhi Gaunpalika,7.0,0.0,1.0,1.0,0.0,1.0,0.0
Naubahini Gaunpalika,8.0,0.0,0.0,0.0,0.0,0.0,0.0
Jhimaruk Gaunpalika,8.0,3.0,2.0,0.0,0.0,1.0,0.0
Pyuthan Municipality,10.0,3.0,4.0,3.0,6.0,3.0,0.0
Sworgadwari Municipality,9.0,2.0,0.0,0.0,0.0,3.0,0.0
Mandavi Gaunpalika,5.0,1.0,1.0,0.0,1.0,1.0,0.0
Mallarani Gaunpalika,5.0,2.0,0.0,1.0,1.0,1.0,0.0
Aairawati Gaunpalika,6.0,0.0,1.0,0.0,0.0,3.0,0.0
Gulmi,93.0,29.0,13.0,14.0,9.0,24.0,1.0
Kali Gandaki Gaunpalika,7.0,3.0,2.0,0.0,0.0,0.0,0.0
Satyawoti Gaunpalika,8.0,3.0,0.0,3.0,0.0,4.0,0.0
Chandrakot Gaunpalika,8.0,2.0,2.0,0.0,0.0,2.0,1.0
Musikot Municipality,9.0,3.0,0.0,2.0,0.0,2.0,0.0
Isma Gaunpalika,6.0,0.0,1.0,1.0,0.0,1.0,0.0
Malika Gaunpalika,8.0,2.0,0.0,0.0,1.0,3.0,0.0
Madane Gaunpalika,7.0,1.0,0.0,0.0,0.0,1.0,0.0
Dhurkot Gaunpalika,7.0,5.0,0.0,1.0,0.0,3.0,0.0
Resunga Municipality,14.0,6.0,6.0,6.0,8.0,6.0,0.0
Gulmi Durbar Gaunpalika,7.0,0.0,1.0,0.0,0.0,0.0,0.0
Chhatrakot Gaunpalika,6.0,3.0,1.0,1.0,0.0,1.0,0.0
Arghakhanchi,61.0,17.0,13.0,10.0,6.0,21.0,1.0
Chhatradev Gaunpalika,8.0,2.0,2.0,1.0,0.0,3.0,0.0
Malarani Gaunpalika,9.0,4.0,2.0,1.0,0.0,5.0,0.0
Bhumikasthan Municipality,10.0,2.0,2.0,1.0,0.0,3.0,0.0
Sandhikharka Municipality,12.0,5.0,3.0,4.0,6.0,4.0,0.0
Panini Gaunpalika,8.0,2.0,1.0,1.0,0.0,2.0,0.0
Palpa,81.0,35.0,11.0,17.0,15.0,28.0,6.0
Rampur Municipality,10.0,6.0,1.0,3.0,5.0,5.0,0.0
Purbakhola Gaunpalika,6.0,1.0,1.0,0.0,0.0,1.0,0.0
Rambha Gaunpalika,5.0,1.0,0.0,3.0,0.0,2.0,0.0
Baganaskali Gaunpalika,9.0,4.0,0.0,0.0,1.0,3.0,0.0
Tansen Municipality,14.0,9.0,4.0,7.0,6.0,10.0,4.0
Ribdikot Gaunpalika,8.0,6.0,0.0,2.0,0.0,2.0,0.0
Rainadevi Chhahara Gaunpalika,8.0,2.0,2.0,1.0,0.0,2.0,1.0
Tinau Gaunpalika,6.0,3.0,0.0,0.0,1.0,1.0,0.0
Mathagadhi Gaunpalika,8.0,1.0,0.0,0.0,0.0,0.0,0.0
Nawalparasi (Bardaghat Susta West),74.0,44.0,19.0,26.0,25.0,34.0,9.0
Bardaghat Municipality,16.0,10.0,8.0,8.0,10.0,11.0,6.0
Sunawal Municipality,13.0,10.0,6.0,2.0,4.0,10.0,1.0
Ramgram Municipality,18.0,11.0,2.0,11.0,11.0,7.0,2.0
Palhinandan Gaunpalika,6.0,2.0,0.0,0.0,0.0,0.0,0.0
Sarawal Gaunpalika,7.0,3.0,2.0,0.0,0.0,3.0,0.0
Pratapapur Gaunpalika,9.0,5.0,1.0,5.0,0.0,1.0,0.0
Rupandehi,155.0,85.0,39.0,56.0,64.0,66.0,32.0
Devdaha Municipality,12.0,6.0,2.0,3.0,0.0,8.0,2.0
Butwal Sub-Metropolitian City,19.0,16.0,7.0,13.0,13.0,13.0,12.0
Sainamaina Municipality,11.0,6.0,4.0,3.0,8.0,7.0,1.0
Kanchan Gaunpalika,5.0,2.0,3.0,2.0,2.0,4.0,0.0
Gaidahawa Gaunpalika,9.0,4.0,2.0,0.0,0.0,4.0,0.0
Suddhodhan Gaunpalika,7.0,4.0,2.0,2.0,2.0,2.0,0.0
Siyari Gaunpalika,7.0,3.0,1.0,1.0,1.0,1.0,0.0
Tilottama Municipality,17.0,12.0,6.0,10.0,12.0,10.0,3.0
Om Satiya Gaunpalika,6.0,3.0,0.0,0.0,2.0,1.0,1.0
Rohini Gaunpalika,7.0,2.0,1.0,2.0,1.0,1.0,0.0
Siddharthanagar Municipality,13.0,10.0,7.0,9.0,12.0,7.0,10.0
Mayadevi Gaunpalika,8.0,1.0,1.0,4.0,2.0,3.0,3.0
Lumbini Sanskritik Municipality,13.0,7.0,1.0,3.0,8.0,4.0,0.0
Kotahimai Gaunpalika,7.0,3.0,0.0,1.0,0.0,1.0,0.0
Sammarimai Gaunpalika,7.0,1.0,0.0,0.0,0.0,0.0,0.0
Kapilbastu,96.0,42.0,15.0,24.0,31.0,28.0,3.0
Banganga Municipality,11.0,6.0,4.0,4.0,6.0,10.0,2.0
Buddhabhumi Municipality,10.0,4.0,2.0,1.0,1.0,4.0,0.0
Shivaraj Municipality,11.0,7.0,3.0,3.0,7.0,2.0,0.0
Bijayanagar Gaunpalika,7.0,2.0,0.0,1.0,0.0,1.0,0.0
Krishnanagar Municipality,12.0,4.0,1.0,9.0,7.0,2.0,1.0
Maharajganj Municipality,11.0,3.0,2.0,1.0,0.0,1.0,0.0
Kapilbastu Municipality,12.0,6.0,3.0,3.0,7.0,7.0,0.0
Yasodhara Gaunpalika,8.0,5.0,0.0,1.0,3.0,1.0,0.0
Mayadevi Gaunpalika,8.0,4.0,0.0,0.0,0.0,0.0,0.0
Dang,100.0,47.0,24.0,31.0,23.0,34.0,16.0
Bangalachuli Gaunpalika,8.0,1.0,0.0,2.0,0.0,0.0,0.0
Ghorahi Sub-Metropolitian City,19.0,7.0,5.0,6.0,6.0,10.0,4.0
Tulsipur Sub-Metropolitian City,19.0,13.0,5.0,8.0,11.0,8.0,5.0
Shantinagar Gaunpalika,7.0,4.0,1.0,1.0,0.0,1.0,0.0
Babai Gaunpalika,7.0,4.0,2.0,0.0,0.0,3.0,0.0
Dangisharan Gaunpalika,7.0,2.0,0.0,2.0,0.0,1.0,0.0
Lamahi Municipality,9.0,6.0,4.0,6.0,3.0,5.0,5.0
Rapti Gaunpalika,9.0,6.0,4.0,5.0,1.0,3.0,2.0
Gadhawa Gaunpalika,8.0,4.0,3.0,1.0,2.0,3.0,0.0
Banke,81.0,40.0,20.0,32.0,34.0,43.0,15.0
Rapti Sonari Gaunpalika,9.0,5.0,1.0,2.0,0.0,5.0,0.0
Kohalpur Municipality,15.0,12.0,7.0,9.0,11.0,8.0,0.0
Baijanath Gaunpalika,8.0,2.0,0.0,1.0,0.0,5.0,0.0
Khajura Gaunpalika,8.0,3.0,1.0,1.0,0.0,4.0,0.0
Janaki Gaunpalika,6.0,2.0,0.0,0.0,2.0,1.0,0.0
Nepalganj Sub-Metropolitian City,23.0,14.0,9.0,15.0,18.0,17.0,15.0
Duduwa Gaunpalika,6.0,1.0,1.0,1.0,1.0,1.0,0.0
Bardiya,75.0,37.0,14.0,15.0,31.0,36.0,5.0
Bansgadhi Municipality,9.0,5.0,3.0,2.0,7.0,7.0,1.0
Barbardiya Municipality,11.0,6.0,1.0,1.0,2.0,8.0,0.0
Thakurbaba Municipality,9.0,5.0,1.0,3.0,0.0,6.0,2.0
Geruwa Gaunpalika,6.0,1.0,1.0,1.0,0.0,1.0,0.0
Rajapur Municipality,10.0,6.0,3.0,3.0,8.0,3.0,1.0
Madhuwan Municipality,9.0,7.0,4.0,1.0,5.0,6.0,1.0
Gulariya Municipality,12.0,3.0,0.0,3.0,9.0,3.0,0.0
Dolpa,65.0,9.0,5.0,2.0,1.0,10.0,1.0
Dolpo Buddha Gaunpalika,6.0,0.0,0.0,0.0,0.0,2.0,0.0
Shey Phoksundo Gaunpalika,9.0,0.0,0.0,0.0,0.0,2.0,0.0
Jagadulla Gaunpalika,6.0,0.0,0.0,0.0,1.0,2.0,1.0
Mudkechula Gaunpalika,9.0,0.0,2.0,0.0,0.0,1.0,0.0
Tripurasundari Municipality,11.0,4.0,1.0,0.0,0.0,2.0,0.0
Thulibheri Municipality,11.0,5.0,1.0,2.0,0.0,1.0,0.0
Kaike Gaunpalika,7.0,0.0,1.0,0.0,0.0,0.0,0.0
Mugu,45.0,15.0,2.0,7.0,0.0,4.0,0.0
Mugumakarmarog Gaunpalika,9.0,1.0,0.0,1.0,0.0,0.0,0.0
Chhayanath Rara Municipality,14.0,8.0,2.0,4.0,0.0,4.0,0.0
Soru Gaunpalika,11.0,3.0,0.0,0.0,0.0,0.0,0.0
Humla,44.0,11.0,5.0,5.0,3.0,3.0,6.0
Chankheli Gaunpalika,6.0,0.0,0.0,0.0,0.0,0.0,0.0
Kharpunath Gaunpalika,5.0,1.0,1.0,1.0,0.0,0.0,1.0
Simkot Gaunpalika,8.0,2.0,0.0,2.0,1.0,1.0,3.0
Namkha Gaunpalika,6.0,3.0,1.0,1.0,2.0,2.0,2.0
Sarkegad Gaunpalika,8.0,2.0,1.0,1.0,0.0,0.0,0.0
Adanchuli Gaunpalika,6.0,3.0,2.0,0.0,0.0,0.0,0.0
Jumla,60.0,25.0,10.0,10.0,8.0,8.0,0.0
Patarasi Gaunpalika,7.0,2.0,1.0,0.0,0.0,0.0,0.0
Kanaka Sundari Gaunpalika,8.0,2.0,2.0,1.0,0.0,3.0,0.0
Sinja Gaunpalika,6.0,5.0,0.0,0.0,0.0,1.0,0.0
Chandannath Municipality,10.0,8.0,6.0,6.0,7.0,4.0,0.0
Guthichaur Gaunpalika,5.0,2.0,0.0,1.0,1.0,0.0,0.0
Tatopani Gaunpalika,8.0,3.0,1.0,0.0,0.0,0.0,0.0
Tila Gaunpalika,9.0,2.0,0.0,0.0,0.0,0.0,0.0
Kalikot,82.0,22.0,4.0,9.0,0.0,5.0,0.0
Palata Gaunpalika,9.0,1.0,0.0,1.0,0.0,0.0,0.0
Pachal Jharana Gaunpalika,9.0,2.0,0.0,0.0,0.0,0.0,0.0
Raskot Municipality,9.0,4.0,0.0,2.0,0.0,1.0,0.0
Sanni Tribeni Gaunpalika,9.0,2.0,1.0,1.0,0.0,2.0,0.0
Naraharinath Gaunpalika,9.0,3.0,0.0,1.0,0.0,0.0,0.0
Khandachakra Municipality,11.0,3.0,1.0,2.0,0.0,1.0,0.0
Tilagupha Municipality,11.0,2.0,2.0,1.0,0.0,0.0,0.0
Mahawai Gaunpalika,7.0,2.0,0.0,1.0,0.0,0.0,0.0
Dailekh,90.0,31.0,9.0,12.0,6.0,8.0,1.0
Naumule Gaunpalika,8.0,2.0,2.0,0.0,0.0,0.0,0.0
Mahabu Gaunpalika,6.0,1.0,0.0,1.0,0.0,0.0,0.0
Bhairabi Gaunpalika,7.0,1.0,0.0,0.0,0.0,0.0,1.0
Thantikandh Gaunpalika,6.0,4.0,0.0,3.0,0.0,0.0,0.0
Aathbis Municipality,9.0,2.0,0.0,1.0,0.0,0.0,0.0
Chamunda Bindrasaini Municipality,9.0,2.0,1.0,2.0,0.0,2.0,0.0
Dullu Municipality,13.0,8.0,4.0,2.0,0.0,2.0,0.0
Narayan Municipality,11.0,6.0,1.0,2.0,6.0,1.0,0.0
Bhagawatimai Gaunpalika,7.0,2.0,1.0,0.0,0.0,0.0,0.0
Dungeshwor Gaunpalika,6.0,2.0,0.0,0.0,0.0,2.0,0.0
Jajarkot,77.0,18.0,6.0,12.0,0.0,3.0,1.0
Barekot Gaunpalika,9.0,2.0,1.0,2.0,0.0,0.0,0.0
Kuse Gaunpalika,9.0,2.0,0.0,2.0,0.0,0.0,0.0
Junichande Gaunpalika,11.0,1.0,0.0,1.0,0.0,1.0,0.0
Chhedagad Municipality,13.0,3.0,3.0,4.0,0.0,1.0,0.0
Shivalaya Gaunpalika,9.0,3.0,0.0,0.0,0.0,0.0,0.0
Bheri Malika Municipality,13.0,5.0,1.0,2.0,0.0,1.0,1.0
Rukum (West),73.0,26.0,13.0,20.0,1.0,10.0,1.0
Aathabisakot Municipality,14.0,3.0,1.0,1.0,0.0,0.0,1.0
Sanibheri Gaunpalika,11.0,4.0,2.0,4.0,0.0,1.0,0.0
Banphikot Gaunpalika,10.0,3.0,3.0,0.0,0.0,2.0,0.0
Musikot Municipality,14.0,4.0,4.0,4.0,1.0,5.0,0.0
Tribeni Gaunpalika,10.0,4.0,1.0,3.0,0.0,2.0,0.0
Salyan,83.0,21.0,10.0,14.0,2.0,6.0,3.0
Darma Gaunpalika,6.0,3.0,2.0,0.0,0.0,0.0,0.0
Kumakh Gaunpalika,7.0,1.0,0.0,1.0,0.0,0.0,0.0
Banagad Kupinde Municipality,12.0,0.0,0.0,0.0,0.0,0.0,1.0
Siddha Kumakh Gaunpalika,5.0,0.0,0.0,0.0,0.0,0.0,0.0
Bagachour Municipality,12.0,3.0,1.0,2.0,0.0,0.0,0.0
Chhatreshwori Gaunpalika,7.0,0.0,0.0,2.0,0.0,1.0,0.0
Sharada Municipality,15.0,9.0,5.0,8.0,2.0,2.0,2.0
Kalimati Gaunpalika,7.0,1.0,0.0,0.0,0.0,1.0,0.0
Tribeni Gaunpalika,6.0,1.0,0.0,0.0,0.0,1.0,0.0
Surkhet,99.0,34.0,15.0,26.0,18.0,22.0,10.0
Simta Gaunpalika,9.0,2.0,1.0,0.0,0.0,0.0,0.0
Chingad Gaunpalika,6.0,0.0,0.0,0.0,0.0,0.0,0.0
Lekabeshi Municipality,10.0,2.0,1.0,2.0,0.0,2.0,0.0
Gurbhakot Municipality,14.0,7.0,1.0,4.0,0.0,2.0,0.0
Bheriganga Municipality,13.0,3.0,0.0,3.0,4.0,4.0,0.0
Birendranagar Municipality,16.0,11.0,8.0,10.0,13.0,9.0,9.0
Barahatal Gaunpalika,10.0,2.0,2.0,1.0,1.0,1.0,1.0
Panchapuri Municipality,11.0,5.0,2.0,4.0,0.0,2.0,0.0
Bajura,69.0,16.0,4.0,10.0,0.0,3.0,0.0
Himali Gaunpalika,7.0,0.0,0.0,0.0,0.0,0.0,0.0
Gaumul Gaunpalika,6.0,0.0,0.0,0.0,0.0,0.0,0.0
Budhinanda Municipality,10.0,3.0,0.0,3.0,0.0,0.0,0.0
Swamikartik Khapar Gaunpalika,5.0,1.0,0.0,0.0,0.0,1.0,0.0
Jagannath Gaunpalika,6.0,2.0,0.0,2.0,0.0,0.0,0.0
Badimalika Municipality,9.0,1.0,1.0,1.0,0.0,1.0,0.0
Khaptad Chhededaha Gaunpalika,7.0,2.0,2.0,0.0,0.0,0.0,0.0
Budhiganga Municipality,10.0,3.0,0.0,3.0,0.0,1.0,0.0
Bajhang,94.0,25.0,11.0,9.0,8.0,7.0,2.0
Saipal Gaunpalika,5.0,0.0,0.0,0.0,0.0,0.0,0.0
Bungal Municipality,11.0,1.0,0.0,1.0,0.0,1.0,0.0
Surma Gaunpalika,5.0,2.0,1.0,0.0,0.0,1.0,0.0
Talkot Gaunpalika,7.0,2.0,0.0,0.0,0.0,0.0,0.0
Masta Gaunpalika,7.0,2.0,1.0,1.0,0.0,0.0,1.0
Jayaprithbi Municipality,11.0,5.0,2.0,4.0,6.0,0.0,0.0
Chhabis Pathibhara Gaunpalika,7.0,0.0,0.0,0.0,1.0,1.0,1.0
Durgathali Gaunpalika,7.0,2.0,1.0,0.0,0.0,1.0,0.0
Kedarsyun Gaunpalika,9.0,2.0,0.0,0.0,0.0,0.0,0.0
Bitthadchir Gaunpalika,9.0,5.0,3.0,3.0,1.0,3.0,0.0
Thalara Gaunpalika,9.0,3.0,3.0,0.0,0.0,0.0,0.0
Darchula,61.0,10.0,5.0,6.0,5.0,4.0,2.0
Byas Gaunpalika,6.0,2.0,0.0,0.0,0.0,0.0,0.0
Duhun Gaunpalika,5.0,0.0,0.0,0.0,0.0,0.0,0.0
Mahakali Municipality,9.0,3.0,0.0,2.0,3.0,0.0,0.0
Naugad  Gaunpalika,6.0,0.0,0.0,0.0,0.0,0.0,0.0
Apihimal Gaunpalika,6.0,0.0,0.0,0.0,0.0,0.0,1.0
Marma Gaunpalika,6.0,1.0,1.0,2.0,1.0,1.0,1.0
Shailyashikhar Municipality,9.0,1.0,0.0,0.0,0.0,0.0,0.0
Malikarjun Gaunpalika,8.0,0.0,1.0,1.0,1.0,1.0,0.0
Baitadi,84.0,26.0,4.0,5.0,13.0,9.0,3.0
Dilasaini Gaunpalika,7.0,3.0,0.0,0.0,1.0,1.0,0.0
Dogada Kedar Gaunpalika,8.0,3.0,0.0,1.0,0.0,2.0,0.0
Puchaundi Municipality,10.0,3.0,0.0,0.0,0.0,1.0,0.0
Surnaya Gaunpalika,8.0,1.0,0.0,0.0,0.0,0.0,0.0
Dasharathchand Municipality,11.0,5.0,3.0,2.0,6.0,2.0,2.0
Pancheshwor Gaunpalika,6.0,2.0,0.0,0.0,1.0,0.0,0.0
Shivanath Gaunpalika,6.0,2.0,0.0,1.0,0.0,2.0,0.0
Melauli Municipality,9.0,2.0,1.0,0.0,4.0,0.0,0.0
Patan Municipality,10.0,4.0,0.0,1.0,1.0,1.0,1.0
Dadeldhura,52.0,18.0,8.0,12.0,14.0,12.0,2.0
Nawadurga Gaunpalika,5.0,2.0,0.0,0.0,0.0,1.0,0.0
Amargadhi Municipality,11.0,7.0,5.0,5.0,9.0,5.0,2.0
Ajayameru Gaunpalika,6.0,0.0,1.0,1.0,0.0,3.0,0.0
Bhageshwor Gaunpalika,5.0,1.0,0.0,1.0,0.0,0.0,0.0
Parashuram Municipality,12.0,3.0,1.0,2.0,4.0,2.0,0.0
Aalital Gaunpalika,8.0,4.0,1.0,1.0,0.0,1.0,0.0
Doti,65.0,15.0,6.0,7.0,5.0,7.0,0.0
Purbichouki Gaunpalika,7.0,0.0,0.0,1.0,1.0,0.0,0.0
Sayal Gaunpalika,6.0,1.0,1.0,0.0,0.0,0.0,0.0
Aadarsha Gaunpalika,7.0,1.0,1.0,1.0,0.0,2.0,0.0
Shikhar Municipality,11.0,2.0,0.0,0.0,0.0,0.0,0.0
Dipayal Silgadhi Municipality,9.0,7.0,2.0,3.0,4.0,2.0,0.0
K.I. Singh Gaunpalika,7.0,2.0,1.0,1.0,0.0,1.0,0.0
Bogatan Phudsil Gaunpalika,7.0,0.0,0.0,1.0,0.0,1.0,0.0
Badi Kedar Gaunpalika,5.0,1.0,0.0,0.0,0.0,0.0,0.0
Achham,91.0,28.0,15.0,10.0,8.0,11.0,1.0
Panchdebal Binayak Municipality,9.0,5.0,4.0,2.0,1.0,0.0,0.0
Ramaroshan Gaunpalika,7.0,1.0,0.0,0.0,0.0,0.0,0.0
Mellekh Gaunpalika,8.0,5.0,6.0,2.0,0.0,0.0,0.0
Sanphebagar Municipality,14.0,6.0,1.0,4.0,3.0,2.0,1.0
Chaurpati Gaunpalika,7.0,2.0,0.0,0.0,0.0,2.0,0.0
Mangalsen Municipality,14.0,2.0,2.0,1.0,4.0,3.0,0.0
Bannigadhi Jayagadh Gaunpalika,6.0,1.0,0.0,0.0,0.0,1.0,0.0
Kamal bazar Municipality,10.0,5.0,2.0,1.0,0.0,2.0,0.0
Dhakari Gaunpalika,8.0,0.0,0.0,0.0,0.0,1.0,0.0
Kailali,126.0,62.0,28.0,34.0,37.0,61.0,12.0
Mohanyal Gaunpalika,7.0,1.0,0.0,0.0,0.0,1.0,0.0
Chure Gaunpalika,6.0,1.0,1.0,0.0,0.0,0.0,0.0
Godawari Municipality,12.0,7.0,5.0,4.0,6.0,6.0,2.0
Gauriganga Municipality,11.0,5.0,2.0,3.0,0.0,5.0,0.0
Ghodaghodi Municipality,12.0,7.0,1.0,3.0,4.0,5.0,0.0
Bardagoriya Gaunpalika,6.0,4.0,0.0,3.0,0.0,4.0,0.0
Lamki Chuha Municipality,10.0,4.0,1.0,4.0,7.0,3.0,1.0
Janaki Gaunpalika,9.0,2.0,0.0,1.0,5.0,2.0,0.0
Joshipur Gaunpalika,7.0,6.0,2.0,5.0,0.0,4.0,1.0
Tikapur Municipality,9.0,4.0,4.0,2.0,4.0,6.0,0.0
Bhajani Municipality,9.0,6.0,3.0,1.0,0.0,6.0,0.0
Kailari Gaunpalika,9.0,3.0,3.0,1.0,1.0,4.0,2.0
Kanchanpur,92.0,51.0,26.0,26.0,38.0,50.0,11.0
Krishnapur Municipality,9.0,4.0,2.0,4.0,0.0,7.0,0.0
Shuklaphanta Municipality,12.0,7.0,2.0,2.0,7.0,4.0,1.0
Bedkot Municipality,10.0,2.0,3.0,0.0,6.0,4.0,0.0
Bhimdatta Municipality,19.0,12.0,6.0,4.0,11.0,11.0,7.0
Dodhara Chandani Municipality,10.0,4.0,1.0,2.0,5.0,5.0,0.0
Laljhadi Gaunpalika,6.0,3.0,1.0,1.0,0.0,3.0,0.0
Punarbas Municipality,11.0,6.0,5.0,5.0,8.0,9.0,3.0
Belouri Municipality,10.0,8.0,4.0,5.0,1.0,4.0,0.0
Beldandi Gaunpalika,5.0,5.0,2.0,3.0,0.0,3.0,0.0
